{"cameraMode":{"drawMode":0,"name":"Shaded","section":"Shading Mode"},"sceneLighting":true,"audioPlay":false,"sceneViewState":{"showFog":true,"showMaterialUpdate":false,"showSkybox":true,"showFlares":true,"showImageEffects":true,"showParticleSystems":true,"showVisualEffectGraphs":true,"m_FxEnabled":true},"in2DMode":false,"pivot":{"x":2.703322410583496,"y":-0.42689406871795657,"z":-6.0169901847839359},"rotation":{"x":-0.02600240521132946,"y":-0.9712947607040405,"z":0.12016806751489639,"w":-0.20152704417705537},"size":8.436755180358887,"orthographic":false}